{
  "nodes": {
    "page_to_md#1": {
      "contentWidth": 737.8221380262239,
      "rfNode": {
        "position": {
          "x": 114.03267252035073,
          "y": 25.453180517126988
        }
      },
      "sections": {
        "preview": {
          "previewHeight": 477.1221740978435
        }
      }
    },
    "llm#1": {
      "rfNode": {
        "position": {
          "x": 942.4340182695631,
          "y": 25.453180517126988
        }
      }
    },
    "map#1": {
      "rfNode": {
        "position": {
          "x": 1448.1390578943988,
          "y": 25.453180517126988
        }
      }
    },
    "archive#1": {
      "rfNode": {
        "position": {
          "x": 2011.8438287301933,
          "y": 25.453180517126988
        }
      }
    },
    "+python#1": {
      "contentWidth": 450,
      "rfNode": {
        "position": {
          "x": 1513.825008515138,
          "y": 489.34130720885395
        }
      }
    }
  }
}